Фамилия,Имя,email,Телефон
Гришина,Маргарита,coutimazofrei-1180@yopmail.com,+1(900)914-24-57
Петрова,Варвара,bocammenaproi-1600@yopmail.com,+1(900)819-33-96
Давыдова,Александра,bahougradexa-6577@yopmail.com,+1(900)293-55-86
Шаповалова,Анастасия,jelabotacru-1419@yopmail.com,+1(900)162-75-21
Миронова,Миронова,griddoffoifraleu-2342@yopmail.com,+1(900)467-82-57
Кондратьева,Амина,trulliffeigeyu-2086@yopmail.com,+1(900)012-22-33
Кожевникова,Алиса,fauddecrobrofre-8858@yopmail.com,+1(900)752-91-51
Михайлова,Арина,trumopifoize-3667@yopmail.com,+1(900)237-05-51
Артемова,Полина,zaruxesaffe-7577@yopmail.com,+1(900)589-02-73
Львова,Ангелина,sumeifuvoseu-9711@yopmail.com,+1(900)865-10-99
Петрова,Полина,nakoloigrabro-5995@yopmail.com,+1(900)417-67-84
Комарова,Варвара,zuquoigecrore-3606@yopmail.com,+1(900)119-76-09
Мальцева,Ксения,hammitricruprau-2905@yopmail.com,+1(900)992-16-64
Родионова,Софья,pruttazeffopri-8978@yopmail.com,+1(900)296-38-60
Успенская,Елена,groucannasouyi-5903@yopmail.com,+1(900)879-55-44